,bias,bias_std_err,tau,phi_S2S,phi_w,sigma
pSA_1.000000000000,0.6752376154544415,0.11819333762913034,0.5099187485987825,0.7666711741854202,0.5528266225936898,1.0739735071908176
pSA_1.072267222000,0.5965715993864138,0.11986046036205295,0.5170801284461544,0.7788762387415353,0.549908107816524,1.0846284993270288
pSA_1.149756995000,0.530980088364884,0.11840899129215382,0.5054290837794222,0.7861061788832553,0.5478523299120739,1.0833114319523387
pSA_1.232846739000,0.4562450026086247,0.11728446401307692,0.5016172577933871,0.775386083559804,0.5437282791498707,1.0716734080127435
pSA_1.321941148000,0.38244311851373536,0.118888924353482,0.5186357220456327,0.7543329962269322,0.5391758670214523,1.0624085358075914
pSA_1.417474163000,0.3186329784187277,0.11930743054170807,0.5282111851461723,0.7306771646349195,0.5377392011323844,1.0497902759441735
pSA_1.519911083000,0.27672016220920975,0.1198238855706938,0.5375171018479167,0.7092602634935736,0.5332772996611467,1.0374774380601448
pSA_1.629750835000,0.23374927711453972,0.12012127676067534,0.5412155899042008,0.7033858465591467,0.5251718473280552,1.031247513025385
pSA_1.747528400000,0.19949758771030401,0.12021857748048399,0.5430674305875487,0.6983985959855302,0.5266579188928607,1.0295879741780598
pSA_1.873817423000,0.15308218884209712,0.12120832377987872,0.5489805900234546,0.6998187144042867,0.5218170563338286,1.0312220718806744
pSA_2.000000000000,0.10555342171217354,0.12051446709037857,0.5443014244392821,0.7020088224848141,0.5154515750798524,1.0270203278151058
pSA_2.009233003000,0.1024387789390373,0.12040232681812021,0.5435296624033404,0.7023506028171007,0.5150410328627544,1.0266392398121975
pSA_2.154434690000,0.05790836821627219,0.11925900330371043,0.5363609202781314,0.7034240230492451,0.5083744949038194,1.0202612508926832
pSA_2.310129700000,0.017776228697260272,0.11739287000106231,0.5323926824836072,0.6754031805793146,0.5019028899829538,0.9957499363153313
pSA_2.477076356000,-0.011029571819991776,0.1161436336403906,0.5309076876217599,0.6528385073465139,0.4886820322716774,0.9730730795348751
pSA_2.656087783000,-0.030514167428253813,0.1140375051009406,0.5228041981165665,0.6352539800838968,0.4769279127050932,0.9509637651866527
pSA_2.848035868000,-0.050962005930446155,0.11385549122209901,0.5233799086776562,0.630352176179659,0.4604877530649862,0.9398507144992246
pSA_3.000000000000,-0.0631606393132247,0.11286197840293999,0.5177230449584684,0.629527033301579,0.45374663942081234,0.9328598231911568
pSA_3.053855509000,-0.06806999725047548,0.11198285313463574,0.513190835051942,0.6266461680452172,0.45002341356108316,0.9265912399004395
pSA_3.274549163000,-0.08623639148641883,0.10930468681298747,0.5012363990210744,0.6108055832024021,0.4355384034266453,0.902227847627345
pSA_3.511191734000,-0.09718823391709315,0.10696625843025648,0.4887251371694722,0.6034642211746932,0.41984348104271885,0.8827739656975427
pSA_3.764935807000,-0.10957402232037561,0.10232848532233829,0.46548566871132285,0.5850520615882526,0.4023752414142473,0.8490398444404513
pSA_4.000000000000,-0.11655407752438236,0.09589594969160703,0.431585302219176,0.5619229079407868,0.38983521739399485,0.8086994029185817
pSA_4.037017259000,-0.1170816723126719,0.09513047897961349,0.4273540676230674,0.5600667431489748,0.3885616003289985,0.8045410947526007
pSA_4.328761281000,-0.101939132778294,0.09061428566549476,0.40325131889167876,0.5462950695794252,0.3754680756299,0.7759034766334584
pSA_4.641588834000,-0.08079467748161054,0.08264046607024772,0.3582191278989815,0.5275112777359164,0.3657658003111393,0.7351011579425885
pSA_4.977023564000,-0.06845332198073487,0.07477532408043935,0.31592706996290854,0.4990274280720048,0.3609467156899387,0.692185538039377
pSA_5.000000000000,-0.06779521778405762,0.07431864049659627,0.3134279227525906,0.49742520136066953,0.3609448936727737,0.6898913754919367
pSA_5.336699231000,-0.06146928451965156,0.06770905775372574,0.2752197059747463,0.4771390005381561,0.357916218916928,0.6568953738268878
pSA_5.722367659000,-0.05214929952840901,0.06313526757957125,0.2429191921909214,0.4738078466949038,0.3528992532377198,0.6387812555641341
pSA_6.135907273000,-0.057894185595981904,0.06137804094124531,0.22936545083459775,0.47094634648018446,0.3553065231764632,0.6329626345301426
pSA_6.579332247000,-0.057198640431918205,0.06255168603372116,0.23219966400594091,0.47967071139217815,0.35925519511951115,0.6427013074145004
pSA_7.054802311000,-0.0551190329044559,0.06496528477314968,0.2517542691651328,0.4727628014303276,0.3618833999173277,0.6464089058752563
pSA_7.500000000000,-0.05957541740518257,0.06906836608696507,0.2792133643502187,0.47226674459883417,0.3591823134617883,0.6557498876778484
pSA_7.564633276000,-0.06092605168823095,0.0694073321036908,0.2805960523639222,0.4728633596882438,0.35851753769043676,0.6564059158550326
pSA_8.111308308000,-0.05696931131568551,0.0693209217202882,0.28017998858296184,0.4679984590888484,0.3525726553620594,0.6494850737476102
pSA_8.697490026000,-0.06412707874512943,0.06739810611117368,0.2735872140093554,0.44946957725940806,0.3469310950767799,0.6302650627175248
pSA_9.326033469000,-0.07683673408402876,0.06564783578344466,0.2724537418506844,0.41443747442810325,0.3347880769070005,0.5983916093143952
pSA_10.000000000000,-0.0836492053197075,0.06427850204072871,0.2685748769100031,0.3941250616490581,0.3260106036116386,0.5777109505577352
EAS_0.050000000000,0.37808239853234676,0.06681012477332751,0.28505832662159714,0.22699930623571132,0.2834831782521682,0.4616813261977898
EAS_0.060000000000,0.22761439014352286,0.07028992646506114,0.3279840999140178,0.23113754172487036,0.2930979989220423,0.4968949284940732
EAS_0.070000000000,0.13869312834395647,0.07405877540002583,0.3394720533836996,0.29926476997637863,0.284970484194282,0.5347979566523079
EAS_0.080000000000,0.09623588875543951,0.07506520815912213,0.353498086818217,0.30527546546643775,0.3100934779543573,0.5606353291309061
EAS_0.090000000000,0.009675890000507373,0.07262435562192517,0.34172062960114263,0.3077302018358069,0.31770306248246377,0.5589330028971666
EAS_0.100000000000,-0.011387845352274372,0.0748827078983964,0.35077429305181884,0.3357516113836004,0.3447314889042917,0.5954926940398659
EAS_0.107226722000,-0.014328871100702951,0.07604973675255439,0.3495685291527451,0.3699252254936126,0.375886752855709,0.6327192742464248
EAS_0.114975700000,0.006507578861677937,0.0732178920408976,0.3235051598042788,0.4059683510595617,0.3938583434054902,0.6516059278061614
EAS_0.123284674000,0.03146686262435604,0.075966091269012,0.33388208911563755,0.4300135566250636,0.4078850712731467,0.6802640220392809
EAS_0.132194115000,0.026364117366490268,0.07858616603917627,0.34328651808149624,0.45783245895868474,0.4205595548553034,0.7101595124707999
EAS_0.141747416000,0.005899495896555268,0.070551282331596,0.2874668201823457,0.47288667728845496,0.42166856312791057,0.6957466201089454
EAS_0.151991108000,-0.02493177177093982,0.060126438756021285,0.21066625624871943,0.47899292448955366,0.4067988620392314,0.6627969578908159
EAS_0.162975084000,-0.02719289880662012,0.053540676661558005,0.1681570674571464,0.461103148486481,0.4001428649245287,0.6332513128529167
EAS_0.174752840000,-0.004628603535881116,0.05298258142503795,0.1804820640572277,0.43209200159763445,0.4109399866542773,0.6230160077577662
EAS_0.187381742000,-0.007987605973588854,0.05635439480995297,0.20459637451700924,0.4405785435183817,0.4151636033945243,0.6390070007893566
EAS_0.200923300000,-0.029231511586662897,0.06513187003667202,0.25069030929454156,0.4893598469474543,0.40540540243281203,0.683134123946637
EAS_0.215443469000,-0.03945477091023143,0.07488732466440669,0.30053081435293605,0.5384060302747167,0.41592247730221404,0.7437683314964605
EAS_0.231012970000,-0.07712547007120445,0.08218058195424384,0.34339390605858106,0.55695824050029,0.4261995231538751,0.7808763601979118
EAS_0.247707636000,-0.10942864685797946,0.08942924551240525,0.3853922877077986,0.5725855464085731,0.4457391540098071,0.8216232815579372
EAS_0.265608778000,-0.08391991357183774,0.09760336869904986,0.4321137591545003,0.5876820956939388,0.4930832110629196,0.8804678298961144
EAS_0.284803587000,-0.024604597013683782,0.1072343535201663,0.48407363804679593,0.6151339138501085,0.5164696684038238,0.9377941871229364
EAS_0.305385551000,0.005316997058214658,0.11166185807461151,0.50747411035806,0.6332690232573398,0.5117854221067577,0.9594185461945176
EAS_0.327454916000,0.05634232269239503,0.11251669395707813,0.5126895704561873,0.6353746420486562,0.4979614887635878,0.9563039138812811
EAS_0.351119173000,0.10536655357538315,0.11379669285244762,0.5245315664037724,0.6192272646138907,0.4978501566360293,0.9520664618910359
EAS_0.376493581000,0.13327717186326557,0.12026924245975772,0.5608273239478887,0.6306350561526363,0.501988164964645,0.9819470347731392
EAS_0.403701726000,0.15600582022233986,0.1220361649445128,0.5619780224979211,0.6685994545052938,0.518612478763932,1.0157772548473016
EAS_0.432876128000,0.1760862501821528,0.12301042559187847,0.5558451064065754,0.7149758412663435,0.5297367115220775,1.0491783544492697
EAS_0.464158883000,0.22905127344653498,0.12516403765678913,0.5584082615271267,0.754139505414314,0.5389804712350881,1.0821488476827443
EAS_0.497702356000,0.31250332518692037,0.1289730949025383,0.5804087139689573,0.7588366420442241,0.554250787897862,1.1044914035181321
EAS_0.533669923000,0.35665302833854695,0.129861367801661,0.5830118723743882,0.7700825217166664,0.5520095493423918,1.1124947083686196
EAS_0.572236766000,0.40261486310772415,0.12709188689852313,0.5658228552752519,0.7714968099079706,0.5358846134340285,1.096601636951793
EAS_0.613590727000,0.4577181487903797,0.12526471267159564,0.5582629325972072,0.7578231193482339,0.5331576334125093,1.081762656129684
EAS_0.657933225000,0.5097021749961315,0.12491525985028021,0.5563647551734382,0.7563537338351791,0.5366030853475099,1.0814599311532924
EAS_0.705480231000,0.5599893205888428,0.12302414898847956,0.534827467212929,0.7886155350675691,0.5418632670806028,1.0961617955605685
EAS_0.756463328000,0.6630637771463713,0.11943465095582963,0.5007779000517844,0.8219085927919373,0.5405506255135497,1.1038601445964917
EAS_0.811130831000,0.7801539415811564,0.11874080278406293,0.4866224094405215,0.8486504111787576,0.5463159644490404,1.1204775869134813
EAS_0.869749003000,0.8662652953924604,0.12429604531343531,0.5197994606117929,0.8615568721328157,0.5429930858495652,1.1433779840682718
EAS_0.932603347000,0.972946831754532,0.12730716270848558,0.543374286934304,0.8504068265816667,0.5440274557418272,1.1464786343403832
EAS_1.000000000000,1.1145185272578877,0.12241287596185867,0.5165088085040244,0.8323183114874958,0.55710566225684,1.1268992145787817
PGA,0.4268863375459748,0.11801874830782814,0.5275207378949345,0.7070685059412436,0.514150970148058,1.02106572810343
PGV,0.13360961838360633,0.1069838303219564,0.48551265391612514,0.6145864613015162,0.457590531984868,0.9070987545410883
CAV,0.9877358180095918,0.11867506313247907,0.5013111422245323,0.8237969639774588,0.34215123677542175,1.0232408162323738
AI,1.4886930794989655,0.2390368163145304,1.049805233193278,1.5228836050089207,0.8049368891002493,2.017223065870343
Ds575,0.8357453961937784,0.07441784377859641,0.3522468014334062,0.32558213759312626,0.5306108945415459,0.7152827824336012
Ds595,0.7084187317569697,0.05879547617308233,0.2683044254287797,0.3053772381304078,0.4125821156301233,0.5791947206343061
