Site,Latitude (°),Longitude (°),Basin,Geomorphology,Vs30,T0,NEs
ARKS,-41.24207703,174.9440964,Wellington,Valley,267,0.37,20
AWRB,-41.658785,174.076946,Marlborough,Basin,215,0.55,3
BFZ,-40.67964728,176.2462451,-,Hill,800,0.04,11
BKZ,-39.16566564,176.4925437,-,Hill,730,0.05,4
BMTS,-41.191372,174.92603,-,Hill,1000,0.05,20
BOWS,-41.279193,174.776323,Wellington,Basin Edge,267,0.62,9
BSWZ,-41.71491545,173.8757409,-,Hill,675,0.05,5
BTWS,-41.38923599,173.1285128,Nelson,Basin,500,0.7,12
BWRS,-41.43954404,173.9051179,-,Hill,679,0.05,20
CMWZ,-41.74901708,174.213825,Marlborough,Hill,800,0.05,3
CPLB,-41.278806,174.78209,Wellington,Basin,244,1.21,18
CRSZ,-42.14457,173.8154,-,Hill,1000,0.05,3
CUBS,-41.295463,174.774381,Wellington,Basin,278,0.63,4
DAVS,-41.20578668,174.9543598,Wellington,Basin Edge,300,0.6289,10
DUWZ,-40.80171461,173.9216454,-,Hill,622,0.05,23
DVHS,-40.20169649,176.1013651,SouthernHawkesBay,Basin,372,0.58,8
EBPS,-41.28942801,174.9002357,Wellington,Hill,540,0.38,7
EKTS,-40.64949542,175.7088284,SouthernHawkesBay,Valley,315,0.4,11
FAHS,-40.21353557,175.5730484,PalmerstonNorth,Basin,264,0.67,5
FAIS,-41.2074,174.9401,-,Hill,1000,0.05,18
FKPS,-41.28794769,174.7787641,Wellington,Basin Edge,323,0.41,18
FTPS,-41.1187051,175.3274418,Wairarapa,Basin,294,1,9
FXBS,-40.46136017,175.2260331,PalmerstonNorth,Basin,258,1.5,13
HAVS,-41.27227,173.78467,-,Hill,675,0.05,13
HIBS,-41.1399,175.0359,Wellington,Basin,500,1,14
HIZ,-38.51292897,174.8556861,-,Hill,800,0.05,3
HOCS,-40.62164383,175.2794232,PalmerstonNorth,Basin,250,1.8,8
HSSS,-41.15193505,174.9814773,-,Hill,526,0.22,8
HUKS,-39.26090321,174.5680897,-,Hill,270,0.7,5
HWHS,-39.58513919,174.2742448,-,Hill,210,0.6,5
INHS,-39.15622017,174.1905255,-,Hill,317,1.5,5
KAFS,-38.0835149,176.7092902,Whakatane,Basin,220,1.2,3
KEKS,-41.95569,173.98141,-,Hill,622,0.05,21
KFHS,-39.43337107,176.4669625,-,Hill,760,0.05,4
KHZ,-42.41598,173.53897,Kaikoura,Hill,600,0.05,10
KIKS,-42.42581201,173.6821252,Kaikoura,Hill,800,0.05,13
KIRS,-41.07688392,175.2300107,-,Hill,329,0.43,17
LHBS,-41.19664587,174.892316,-,Hill,626,0.05,18
LHES,-41.21168624,174.903336,Wellington,Basin,222,1.16,19
LHRS,-41.20473605,174.8931859,-,Hill,622,0.05,16
LHUS,-41.23084665,174.8936358,Wellington,Basin,212,1.75,11
LIRS,-41.23231,174.91929,Wellington,Basin Edge,400,0.25,18
LNBS,-41.20498,174.9266,Wellington,Basin,330,0.8,10
LRSS,-41.2294301,174.9042459,Wellington,Basin,256,1.72,11
MAVS,-41.21085751,175.4614831,Wairarapa,Basin,390,2.91,11
MGCS,-41.50768077,173.9443926,Marlborough,Basin,402,3.9,18
MISS,-41.31488841,174.8184345,Wellington,Valley,274,1.15,18
MKBS,-41.2259,174.6981,-,Hill,1000,0.05,19
MKVS,-41.26542095,174.7055245,-,Hill,480,0.17,19
MNGS,-39.80778,175.79083,-,Hill,298,0.8,7
MOLS,-42.08802277,173.2574013,-,Hill,600,0.18,9
MRZ,-40.66054537,175.5785268,-,Hill,800,0.05,19
MTHZ,-38.8523,176.8411,-,Hill,625,0.05,7
MWDS,-39.40673894,175.7526737,-,Hill,679,0.05,4
MWFS,-37.8591406,176.6688805,Whakatane,Hill,622,0.05,3
MWZ,-38.3340014,177.5277793,-,Hill,800,0.05,4
NBSS,-41.202272,174.953755,Wellington,Basin Edge,190,0.9,19
NCBS,-41.27087365,173.2836753,Nelson,Valley,335,0.7,15
NCDS,-39.500141,176.875961,Napier,Basin,176,1.1,6
NELS,-41.28780402,173.2742451,Nelson,Hill,550,0.05,16
NEWS,-41.23204,174.82178,-,Hill,1000,0.05,18
NLMS,-41.26652354,173.2768352,Nelson,Basin Edge,350,0.25,14
NNZ,-41.21710266,173.3794768,-,Hill,1000,0.05,21
NWFS,-41.58906573,175.2339587,-,Hill,600,0.05,5
OPSS,-39.45002,173.85502,-,Hill,287,0.7,9
ORCS,-39.41743839,175.4125995,-,Hill,317,1.1,3
OTKS,-40.75487647,175.1438409,PalmerstonNorth,Basin,219,2,10
PAPS,-40.91431972,175.0049585,PalmerstonNorth,Basin,260,1.5,16
PFAS,-41.13849443,174.8460956,Porirua,Valley,532,0.11,10
PGFS,-40.30219978,176.6117511,-,Valley,215,0.65,4
PGMS,-41.22450647,174.8794357,Wellington,Basin,200,1.788,19
PHHS,-41.25209,174.904297,-,Hill,613,0.05,10
PIPS,-41.26748661,174.7860682,Wellington,Basin,210,1,14
PNBS,-40.34894858,175.6075783,PalmerstonNorth,Basin,294,0.75,5
PNMS,-40.36286,175.59311,PalmerstonNorth,Basin,264,1.2,14
PNRS,-40.33027,175.6337,PalmerstonNorth,Basin,294,0.75,12
POKS,-41.12495,174.83151,Porirua,Valley,302,0.28,17
POLS,-41.13139425,174.8390955,Porirua,Valley,275,0.4,19
POTS,-41.27221732,174.7746442,Wellington,Hill,453,0.24,15
PRKS,-41.24901997,174.9341325,Wellington,Valley,190,0.8,9
PTOS,-41.222973,174.860302,-,Hill,450,0.2,16
PVCS,-41.22474608,174.8739174,Wellington,Basin,190,2,19
PWES,-41.12746,174.82586,-,Hill,622,0.05,20
QCCS,-41.27962569,174.0231446,QueenCharlotte,Valley,268,0.28,21
RCS1,-41.53971,173.62927,Marlborough,Valley,324,1.1,6
ROTS,-38.135724,176.255191,-,Basin,264,1,3
RTZ,-38.61544,176.980518,-,Hill,1000,0.05,4
SDNS,-41.66382069,174.1372917,Marlborough,Basin,292,2,4
SEAS,-41.326447,174.837638,Wellington,Hill,305,0.3,18
SEDS,-41.67229,174.07645,Marlborough,Basin Edge,273,1,9
SEVS,-41.246984,174.902163,Wellington,Basin,209,1.2,11
SOCS,-41.2043261,174.9159362,Wellington,Basin,233,1.35,12
SOMS,-41.25746,174.865,Wellington,Hill,1000,0.05,18
TAIS,-41.18038403,174.9547719,Wellington,Basin,510,0.69,14
TBCS,-37.70269658,176.1566748,Whakatane,Basin,209,1.15,3
TCW,-41.21036472,174.2763281,-,Hill,1000,0.05,17
TEPS,-41.29058776,174.7810642,Wellington,Basin,292,0.99,18
TFSS,-41.27542742,174.7830542,Wellington,Basin,271,1.73,16
THHS,-39.67995471,175.7955932,-,Hill,466,0.25,5
THOB,-40.78940244,175.0929713,PalmerstonNorth,Basin,258,2.5,17
TIRS,-38.46891053,175.9097091,-,Hill,600,0.55,5
TKHS,-38.33280618,175.1555504,WaikatoHauraki,Valley,279,0.36,3
TMDS,-41.07808378,175.1554398,-,Hill,800,0.05,9
TOTS,-41.10492,175.08539,Wellington,Basin Edge,500,1,10
TOZ,-37.73095563,175.5018468,WaikatoHauraki,Hill,800,0.05,3
TPPS,-38.68632513,176.0674702,-,Basin,454,0.15,4
TRMS,-40.671276,175.990997,-,Hill,622,0.05,10
TRTS,-41.2987,174.7739,Wellington,Basin Edge,270,0.28,17
TSZ,-40.0585531,175.9611239,-,Hill,800,0.05,12
TUHS,-38.8641168,175.2483096,-,Hill,590,0.63,3
TUWZ,-41.42938895,173.9428929,-,Hill,1000,0.05,4
UHCS,-41.12681462,175.0409381,Wellington,Basin,390,2,15
UHSS,-41.12638,175.06509,Wellington,Basin,481,0.9,8
URZ,-38.25924909,177.1108945,-,Hill,800,0.05,3
VRZ,-39.12434088,174.7584526,-,Hill,673,0.05,4
VUWS,-41.279854,174.778399,Wellington,Basin Edge,286,0.87,20
WAIS,-38.63246,176.0937,-,Hill,674,0.05,3
WAKS,-39.77272767,176.2516786,SouthernHawkesBay,Valley,418,0.4,5
WANS,-41.23121,174.93102,-,Hill,1000,0.05,15
WAZ,-39.75464442,174.9855329,-,Hill,690,0.05,11
WBFS,-40.40088128,176.311147,-,Hill,800,0.05,3
WCDS,-39.93363836,175.047993,PalmerstonNorth,Basin,250,1.2,3
WCFS,-41.29315,174.7847889,Wellington,Basin,349,0.24,3
WDAS,-41.25739739,174.9484664,Wellington,Valley,120,1.25,10
WDFS,-41.82739874,174.1384237,Marlborough,Valley,269,0.7,15
WDPS,-40.33821894,175.8698017,SouthernHawkesBay,Basin,290,1.8,7
WEL,-41.28404758,174.768184,-,Hill,687,0.05,17
WEMS,-41.27428738,174.7792642,Wellington,Basin,265,0.98,18
WKHS,-37.96145319,176.985474,Whakatane,Basin,206,0.71,3
WNAS,-41.32640865,174.8090344,Wellington,Valley,229,1.12,18
WNHS,-41.30077798,174.775514,-,Hill,493,0.32,9
WNKS,-41.28481753,174.7420537,GreaterWellington,Valley,369,0.31,19
WPWS,-39.94386202,176.5843221,-,Valley,298,0.4,6
WRCS,-40.95035201,175.6478165,Wairarapa,Basin,500,0.66,6
WTES,-41.281576,174.774191,-,Hill,334,0.09,3
WTYS,-41.29543,174.78126,Wellington,Basin,230,0.8,4
WVFS,-41.62023192,173.3509046,Marlborough,Basin,294,1.8,14
